residue_id,binding_score,predicted_label
ALA_1_A,0.0,0
GLN_2_A,0.0,0
LYS_3_A,0.0,0
SER_4_A,0.0,0
VAL_5_A,0.0,0
LYS_6_A,0.0,0
ILE_7_A,0.0,0
SER_8_A,0.0,0
ASP_9_A,0.0,0
ASP_10_A,0.0,0
ILE_11_A,0.11,0
SER_12_A,0.0,0
ILE_13_A,0.08,0
THR_14_A,0.08,0
GLN_15_A,0.0,0
LEU_16_A,0.09,0
SER_17_A,0.09,0
ASP_18_A,0.0,0
LYS_19_A,0.08,0
VAL_20_A,0.15,0
TYR_21_A,0.09,0
THR_22_A,0.0,0
TYR_23_A,0.16,0
VAL_24_A,0.0,0
SER_25_A,0.1,0
LEU_26_A,0.21,0
ALA_27_A,0.43,0
GLU_28_A,0.76,1
ILE_29_A,0.92,1
GLU_30_A,0.83,1
GLY_31_A,0.7,1
TRP_32_A,0.83,1
GLY_33_A,0.81,1
MET_34_A,0.85,1
VAL_35_A,0.87,1
PRO_36_A,0.1,0
SER_37_A,0.13,0
ASN_38_A,0.22,0
GLY_39_A,0.08,0
MET_40_A,0.08,0
ILE_41_A,0.06,0
VAL_42_A,0.09,0
ILE_43_A,0.07,0
ASN_44_A,0.0,0
ASN_45_A,0.0,0
HIS_46_A,0.0,0
GLN_47_A,0.11,0
ALA_48_A,0.11,0
ALA_49_A,0.06,0
LEU_50_A,0.07,0
LEU_51_A,0.05,0
ASP_52_A,0.07,0
THR_53_A,0.09,0
PRO_54_A,0.07,0
ILE_55_A,0.28,0
ASN_56_A,0.19,0
ASP_57_A,0.12,0
ALA_58_A,0.09,0
GLN_59_A,0.11,0
THR_60_A,0.1,0
GLU_61_A,0.1,0
MET_62_A,0.12,0
LEU_63_A,0.07,0
VAL_64_A,0.1,0
ASN_65_A,0.07,0
TRP_66_A,0.0,0
VAL_67_A,0.05,0
THR_68_A,0.0,0
ASP_69_A,0.0,0
SER_70_A,0.0,0
LEU_71_A,0.0,0
HIS_72_A,0.0,0
ALA_73_A,0.0,0
LYS_74_A,0.0,0
VAL_75_A,0.08,0
THR_76_A,0.11,0
THR_77_A,0.09,0
PHE_78_A,0.12,0
ILE_79_A,0.1,0
PRO_80_A,0.07,0
ASN_81_A,0.13,0
HIS_82_A,0.99,1
TRP_83_A,0.61,1
HIS_84_A,0.99,1
GLY_85_A,0.46,0
ASP_86_A,0.99,1
CYS_87_A,0.14,0
ILE_88_A,0.12,0
GLY_89_A,0.07,0
GLY_90_A,0.1,0
LEU_91_A,0.09,0
GLY_92_A,0.09,0
TYR_93_A,0.09,0
LEU_94_A,0.12,0
GLN_95_A,0.07,0
ARG_96_A,0.06,0
LYS_97_A,0.11,0
GLY_98_A,0.1,0
VAL_99_A,0.1,0
GLN_100_A,0.07,0
SER_101_A,0.07,0
TYR_102_A,0.12,0
ALA_103_A,0.1,0
ASN_104_A,0.05,0
GLN_105_A,0.0,0
MET_106_A,0.0,0
THR_107_A,0.05,0
ILE_108_A,0.0,0
ASP_109_A,0.08,0
LEU_110_A,0.09,0
ALA_111_A,0.11,0
LYS_112_A,0.08,0
GLU_113_A,0.09,0
LYS_114_A,0.24,0
GLY_115_A,0.12,0
LEU_116_A,0.13,0
PRO_117_A,0.0,0
VAL_118_A,0.0,0
PRO_119_A,0.0,0
GLU_120_A,0.05,0
HIS_121_A,0.08,0
GLY_122_A,0.05,0
PHE_123_A,0.0,0
THR_124_A,0.0,0
ASP_125_A,0.0,0
SER_126_A,0.0,0
LEU_127_A,0.0,0
THR_128_A,0.05,0
VAL_129_A,0.11,0
SER_130_A,0.07,0
LEU_131_A,0.0,0
ASP_132_A,0.0,0
GLY_133_A,0.0,0
MET_134_A,0.0,0
PRO_135_A,0.0,0
LEU_136_A,0.07,0
GLN_137_A,0.0,0
CYS_138_A,0.0,0
TYR_139_A,0.0,0
TYR_140_A,0.0,0
LEU_141_A,0.0,0
GLY_142_A,0.0,0
GLY_143_A,0.12,0
GLY_144_A,0.23,0
HIS_145_A,0.98,1
ALA_146_A,0.17,0
THR_147_A,0.06,0
ASP_148_A,0.13,0
ASN_149_A,0.14,0
ILE_150_A,0.05,0
VAL_151_A,0.07,0
VAL_152_A,0.07,0
TRP_153_A,0.08,0
LEU_154_A,0.16,0
PRO_155_A,0.0,0
THR_156_A,0.07,0
GLU_157_A,0.14,0
ASN_158_A,0.1,0
ILE_159_A,0.08,0
LEU_160_A,0.13,0
PHE_161_A,0.1,0
GLY_162_A,0.09,0
GLY_163_A,0.25,0
CYS_164_A,0.99,1
MET_165_A,0.09,0
LEU_166_A,0.11,0
LYS_167_A,0.42,0
ASP_168_A,0.71,1
ASN_169_A,0.41,0
GLN_170_A,0.32,0
THR_171_A,0.15,0
THR_172_A,0.11,0
SER_173_A,0.25,0
ILE_174_A,0.2,0
GLY_175_A,0.49,0
ASN_176_A,0.7,1
ILE_177_A,0.55,1
SER_178_A,0.45,0
ASP_179_A,0.23,0
ALA_180_A,0.1,0
ASP_181_A,0.12,0
VAL_182_A,0.12,0
THR_183_A,0.09,0
ALA_184_A,0.11,0
TRP_185_A,0.15,0
PRO_186_A,0.09,0
LYS_187_A,0.07,0
THR_188_A,0.06,0
LEU_189_A,0.06,0
ASP_190_A,0.0,0
LYS_191_A,0.0,0
VAL_192_A,0.0,0
LYS_193_A,0.09,0
ALA_194_A,0.0,0
LYS_195_A,0.0,0
PHE_196_A,0.1,0
PRO_197_A,0.0,0
SER_198_A,0.0,0
ALA_199_A,0.0,0
ARG_200_A,0.0,0
TYR_201_A,0.07,0
VAL_202_A,0.14,0
VAL_203_A,0.07,0
PRO_204_A,0.13,0
GLY_205_A,0.71,1
HIS_206_A,0.99,1
GLY_207_A,0.99,1
ASN_208_A,0.4,0
TYR_209_A,0.19,0
GLY_210_A,0.08,0
GLY_211_A,0.0,0
THR_212_A,0.13,0
GLU_213_A,0.13,0
LEU_214_A,0.08,0
ILE_215_A,0.12,0
GLU_216_A,0.12,0
HIS_217_A,0.19,0
THR_218_A,0.09,0
LYS_219_A,0.07,0
GLN_220_A,0.07,0
ILE_221_A,0.13,0
VAL_222_A,0.09,0
ASN_223_A,0.06,0
GLN_224_A,0.05,0
TYR_225_A,0.1,0
ILE_226_A,0.09,0
GLU_227_A,0.05,0
SER_228_A,0.05,0
THR_229_A,0.06,0
SER_230_A,0.06,0
